{
  "keyword": "женская футболка",
  "prediction_days": 30,
  "rmse": 31.819174102297033,
  "mae": 26.08399695265079,
  "r2": 0.11187331031582803,
  "mape": 137393099122.29614,
  "smape": 156.858627160463
}