keyword,smape
куртка,11.297750292816767
жіноча куртка,76.76737451823364
чоловіча куртка,92.26085746799387
зимова куртка,105.69773916907835
