keyword,rmse
куртка,9.677713077240265
чоловіча куртка,21.050756731160796
зимова куртка,21.848323583341216
жіноча куртка,23.332666370483516
