{
  "keyword": "жіноча куртка",
  "prediction_days": 30,
  "rmse": 23.332666370483516,
  "mae": 17.06051854573971,
  "r2": 0.4986749058477693,
  "mape": 47276333188.14138,
  "smape": 76.76737451823364
}