{
  "keyword": "жіноча футболка",
  "prediction_days": 30,
  "rmse": 30.927289973307957,
  "mae": 23.210910819630765,
  "r2": 0.20037078338051018,
  "mape": 106806596028.57455,
  "smape": 133.36842117905576
}