{
  "keyword": "зимова куртка",
  "prediction_days": 30,
  "rmse": 21.848323583341216,
  "mae": 14.984458263382713,
  "r2": 0.5644849580342033,
  "mape": 57871235547.83578,
  "smape": 105.69773916907835
}