{
  "Naive": {
    "RMSE": 18.871861036065777,
    "MAE": 15.536784741144414,
    "R2": -0.2650012254681553,
    "MAPE": 23.76120907461242,
    "sMAPE": 24.614015959575045
  },
  "SeasonalNaive": {
    "RMSE": 20.45490820695044,
    "MAE": 15.743869209809265,
    "R2": -0.48612916144275786,
    "MAPE": 27.410467578474613,
    "sMAPE": 24.853765991709903
  },
  "RidgeLag": {
    "RMSE": 10.458778761405432,
    "MAE": 8.121912191040888,
    "R2": 0.6114710012155412,
    "MAPE": 13.557918574076472,
    "sMAPE": 12.81678698410998
  },
  "RandomForestLag": {
    "RMSE": 10.505296010241283,
    "MAE": 7.901362397820164,
    "R2": 0.6080072139776284,
    "MAPE": 13.29848832578621,
    "sMAPE": 12.595170796716912
  },
  "LSTM": {
    "RMSE": 10.612600320313597,
    "MAE": 8.022544039692477,
    "R2": 0.5999584478843634,
    "MAPE": 13.208029335198063,
    "sMAPE": 12.5397278062546
  },
  "_meta": {
    "seq_length": 12,
    "split_ratio": 0.8,
    "season": 365,
    "val_len": 367,
    "runtime_sec": 12.362
  }
}