{
  "keyword": "куртка",
  "prediction_days": 30,
  "rmse": 9.677713077240265,
  "mae": 7.102806112153934,
  "r2": 0.7006204011363082,
  "mape": 11.71158392206279,
  "smape": 11.297750292816767
}