{
  "keyword": "куртка",
  "prediction_days": 30,
  "rmse": 10.020012283703219,
  "mae": 7.552591214712699,
  "r2": 0.6433863239601528,
  "mape": 12.529044195271775,
  "smape": 11.993758270687776
}