{
  "keyword": "мужская футболка",
  "prediction_days": 30,
  "rmse": 31.989002120655194,
  "mae": 24.416010293093596,
  "r2": 0.2402190201194161,
  "mape": 96013841594.44693,
  "smape": 137.66798088656336
}