{
  "keyword": "оверсайз футболка",
  "prediction_days": 30,
  "rmse": 28.896390517310664,
  "mae": 10.549939222876134,
  "r2": 0.06792336318034353,
  "mape": 3867464530.8558903,
  "smape": 194.38417702178162
}