{
  "keyword": "поло футболка",
  "prediction_days": 30,
  "rmse": 30.413303269030244,
  "mae": 20.48930020142768,
  "r2": 0.2049672565015258,
  "mape": 90714903011.36324,
  "smape": 136.6648616155322
}