{
  "keyword": "поло",
  "prediction_days": 30,
  "rmse": 9.949806983674511,
  "mae": 7.770312858027453,
  "r2": 0.20202119226396997,
  "mape": 10.29073646166382,
  "smape": 10.249432728857904
}