{
  "keyword": "футболка мужская",
  "prediction_days": 30,
  "rmse": 31.803111038623783,
  "mae": 26.417592890435756,
  "r2": 0.19518254480071562,
  "mape": 132895600640.2315,
  "smape": 144.06439665395362
}