{
  "keyword": "футболка оверсайз",
  "prediction_days": 30,
  "rmse": 27.82523272771567,
  "mae": 9.801466162672373,
  "r2": 0.1357447283918033,
  "mape": 4549767462.974578,
  "smape": 192.6376142926862
}