{
  "keyword": "футболка женская",
  "prediction_days": 30,
  "rmse": 31.007082831994154,
  "mae": 24.082833327783277,
  "r2": 0.15200655981513023,
  "mape": 125697315110.03165,
  "smape": 155.7370999184526
}