{
  "keyword": "футболки",
  "prediction_days": 30,
  "rmse": 12.156978095909947,
  "mae": 9.637413703070747,
  "r2": 0.2779457389735054,
  "mape": 14.864838147113938,
  "smape": 14.097515205556032
}