{
  "keyword": "чоловіча футболка",
  "prediction_days": 30,
  "rmse": 34.84910530031518,
  "mae": 27.6954408090903,
  "r2": 0.08453041549893214,
  "mape": 115541272564.68083,
  "smape": 142.86511008394191
}