{
  "keyword": "чоловіча куртка",
  "prediction_days": 30,
  "rmse": 21.050756731160796,
  "mae": 13.856271056489572,
  "r2": 0.5918458943553015,
  "mape": 35483080918.36031,
  "smape": 92.26085746799387
}